{
  "n_rows": 24042,
  "prediction_columns": [
    "muhat_1",
    "muhat_2",
    "muhat_3"
  ],
  "primary_prediction_column": "muhat_1",
  "pipeline_disagreement_score": "variance",
  "pipeline_residual": "abs_resid_muhat_1",
  "variance_vs_abs_resid_muhat_1": {
    "disagreement": "variance",
    "residual": "abs_resid_muhat_1",
    "n": 24042,
    "pearson_r": 0.25160512607189217,
    "pearson_r_squared": 0.06330513946565275,
    "pearson_p": 0.0,
    "spearman_rho": 0.2651934982702297,
    "spearman_p": 0.0,
    "kendall_tau": 0.17957669056140088,
    "kendall_p": 0.0
  },
  "variance_vs_abs_resid_ensemble_mean": {
    "disagreement": "variance",
    "residual": "abs_resid_ensemble_mean",
    "n": 24042,
    "pearson_r": 0.24708381106956678,
    "pearson_r_squared": 0.06105040969266137,
    "pearson_p": 0.0,
    "spearman_rho": 0.2690321611898564,
    "spearman_p": 0.0,
    "kendall_tau": 0.18171902710694543,
    "kendall_p": 0.0
  },
  "variance_vs_signed_resid_muhat_1": {
    "disagreement": "variance",
    "residual": "signed_resid_muhat_1",
    "n": 24042,
    "pearson_r": 0.04111169595162667,
    "pearson_r_squared": 0.0016901715440189968,
    "pearson_p": 1.806713192588298e-10,
    "spearman_rho": 0.011403577597398533,
    "spearman_p": 0.07703661165160403,
    "kendall_tau": 0.012013747611985714,
    "kendall_p": 0.0052077181597012115
  },
  "top_vs_bottom_decile_abs_resid_muhat_1_mean_ratio": 2.4635739045265055,
  "top_vs_bottom_decile_abs_resid_ensemble_mean_mean_ratio": 2.412024762895439,
  "threshold_summary": {
    "threshold": 0.15,
    "comparison": "variance_gt_threshold",
    "n": 24042,
    "selected": 1465,
    "selected_fraction": 0.06093503036353049,
    "abs_resid_muhat_1_selected_mean": 0.9481695929336759,
    "abs_resid_muhat_1_unselected_mean": 0.4583151895798825,
    "abs_resid_muhat_1_selected_minus_unselected_mean": 0.4898544033537934,
    "abs_resid_muhat_1_selected_to_unselected_mean_ratio": 2.06881555421024,
    "abs_resid_muhat_1_selected_median": 0.7872081511177571,
    "abs_resid_muhat_1_unselected_median": 0.2672872543334961,
    "abs_resid_muhat_1_mann_whitney_greater_p": 5.202780077780821e-228,
    "abs_resid_ensemble_mean_selected_mean": 0.9374472416750318,
    "abs_resid_ensemble_mean_unselected_mean": 0.46999779779146533,
    "abs_resid_ensemble_mean_selected_minus_unselected_mean": 0.46744944388356646,
    "abs_resid_ensemble_mean_selected_to_unselected_mean_ratio": 1.9945779450034156,
    "abs_resid_ensemble_mean_selected_median": 0.7140555381774902,
    "abs_resid_ensemble_mean_unselected_median": 0.29289435519594775,
    "abs_resid_ensemble_mean_mann_whitney_greater_p": 1.2350416110988766e-208
  },
  "pipeline_seed_segments": [
    {
      "segment": "all_sampled",
      "seed": 42,
      "n_off": 200,
      "n_on": 22500,
      "threshold": 0.15,
      "n": 22700,
      "pearson_r": 0.2529582650027419,
      "pearson_p": 0.0,
      "spearman_rho": 0.2645876571495527,
      "spearman_p": 0.0,
      "abs_resid_muhat_1_mean": 0.48759632128879504,
      "abs_resid_muhat_1_median": 0.2857508659362793,
      "variance_mean": 0.04323595152427078,
      "variance_median": 0.02161249499785198
    },
    {
      "segment": "offline",
      "seed": 42,
      "n_off": 200,
      "n_on": 22500,
      "threshold": 0.15,
      "n": 200,
      "pearson_r": 0.22013985321697196,
      "pearson_p": 0.0017347266884494273,
      "spearman_rho": 0.24419953813810708,
      "spearman_p": 0.0004925708659284085,
      "abs_resid_muhat_1_mean": 0.493911358114412,
      "abs_resid_muhat_1_median": 0.28652405738830566,
      "variance_mean": 0.043095219313363485,
      "variance_median": 0.02161249499785198
    },
    {
      "segment": "online",
      "seed": 42,
      "n_off": 200,
      "n_on": 22500,
      "threshold": 0.15,
      "n": 22500,
      "pearson_r": 0.2532502363629068,
      "pearson_p": 0.0,
      "spearman_rho": 0.26480724598914224,
      "spearman_p": 0.0,
      "abs_resid_muhat_1_mean": 0.4875401876281229,
      "abs_resid_muhat_1_median": 0.2857508659362793,
      "variance_mean": 0.04323720247725662,
      "variance_median": 0.0216107189468807
    },
    {
      "segment": "online_selected_initial_threshold",
      "seed": 42,
      "n_off": 200,
      "n_on": 22500,
      "threshold": 0.15,
      "n": 1373,
      "pearson_r": 0.05243414323118818,
      "pearson_p": 0.05208117137313798,
      "spearman_rho": 0.14386542874707356,
      "spearman_p": 8.61215121378723e-08,
      "abs_resid_muhat_1_mean": 0.9520833376797108,
      "abs_resid_muhat_1_median": 0.7887877047855625,
      "variance_mean": 0.2300684681125019,
      "variance_median": 0.20049215709761684
    }
  ]
}
